index,score
0,0.9861077312472765
1,0.8761894475082382
2,0.7516437591537912
3,0.9762146164567416
4,0.7057817071360332
5,0.985739769362132
6,0.8718232910088145
7,0.29422268151147946
8,0.9317356083557056
9,0.8121361698888743
10,0.9804723452497157
11,0.7945555983667159
12,0.9320520208986345
13,0.9316335017375397
14,0.941565311974381
15,0.12677972843382357
16,0.35094949954293386
17,0.10997742948951361
18,0.5152458770275015
19,0.25073320866067295
20,0.9520144144642031
21,0.13323909267487277
22,0.6994417421044941
23,0.9956901287297522
24,0.988669884922689
25,0.29185893293095777
26,0.9817853665489231
27,0.7115972866319588
28,0.08812591309748108
29,0.9801229301112443
30,0.9125497582197046
31,0.9862032871281711
32,0.9514422586749254
33,0.9579395166996998
34,0.720253418788757
35,0.9190704185402255
36,0.3673018024300312
37,0.8435469558949181
38,0.9687027787906392
39,0.4621722515298865
40,0.8378073337667653
41,0.9931429647429199
42,0.40979794911064926
43,0.931411297380915
44,0.1619723158976547
45,0.9840943331160156
46,0.9431751710680645
47,0.8953902782322714
48,0.5812112366628696
49,0.9710031181810823
50,0.7667742104420512
51,0.2965291640236698
52,0.2657521401256916
53,0.6467595804213381
54,0.9836637629958249
55,0.9958245824168152
56,0.9184641156970845
57,0.530125820209226
58,0.5721129528858423
59,0.3593850015739505
60,0.10365212325305173
61,0.35636487944120054
62,0.9913271974318273
63,0.7076996693380856
64,0.5235416470845009
65,0.20345788754245264
66,0.662170294109774
67,0.9901796644882124
68,0.7650379872722847
69,0.6218670846189505
70,0.9724974588456237
71,0.78481170310218
72,0.7314700637608076
73,0.43358535946196397
74,0.9405795554261793
75,0.7777152678360778
76,0.5578852672901701
77,0.8678366510943816
78,0.6439240396909303
79,0.9525390789465635
80,0.8048165763969322
81,0.991220517582651
82,0.9946030704475368
83,0.9827970844671478
84,0.25098018330098715
85,0.9876596088844949
86,0.6073560798441726
87,0.22169769844734888
88,0.9426767424544177
89,0.9284380786370533
90,0.8344507114232047
91,0.983410758703296
92,0.8818011844687934
93,0.7599813847870812
94,0.9883207332642441
95,0.9846291452551447
96,0.9866092946042645
97,0.9658802785992623
98,0.7604518911652662
99,0.8250506487134326
100,0.8619962425275214
101,0.9912009825614714
102,0.9824984296287125
103,0.658371642381588
104,0.863648511174858
105,0.41135248332462027
106,0.39563344539961953
107,0.7818747096557208
108,0.8902425325927439
109,0.9793550351869451
110,0.5405566086194773
111,0.9582828672046677
112,0.9733236963448794
113,0.9376620058615458
114,0.9045713931931789
115,0.3136561605578758
116,0.9614876077060879
117,0.9772633696039339
118,0.9635938759496662
119,0.5809917486457847
120,0.9557996907786598
121,0.902099966891019
122,0.9769974650073086
123,0.6623364019002312
124,0.9989878613031934
125,0.9835058450975154
126,0.8523297480092042
127,0.8165638866785981
128,0.8219686488968643
129,0.7462553966986492
130,0.9818248713599999
131,0.952843126974462
132,0.7475355433805473
133,0.948736265171106
134,0.7668712389830344
135,0.9884094147957118
136,0.9562552722495957
137,0.7627166474600502
138,0.8258781937653036
139,0.7723399843208227
140,0.7264746802635429
141,0.8394628331963065
142,0.8049519862631385
143,0.9925150700390268
144,0.8398452417315533
145,0.9705230619535828
146,0.7791072303209239
147,0.997265986455989
148,0.9960412268428476
149,0.9438057454437725
150,0.45573028234442425
151,0.9850932843998147
152,0.8827944161101655
153,0.7649865763768182
154,0.952911328148033
155,0.27006797157437
156,0.9748580557570131
157,0.9838916336618242
158,0.4300136410839501
159,0.4651183281555539
160,0.9958625174353677
161,0.9690317127856117
162,0.2731628906009108
163,0.7369324865945368
164,0.9530932480550465
165,0.25110845594865117
166,0.9129662545817304
167,0.4669106339778286
168,0.9819021480757512
169,0.5452752333952952
170,0.9979369870510454
171,0.5928536524928407
172,0.7945989968833251
173,0.9420416464463166
174,0.6969962567473826
175,0.8596672149938615
176,0.7808951751576585
177,0.9806274093208365
178,0.9809646227912552
179,0.9831866028669136
180,0.31964713710388604
181,0.9477939720309898
182,0.5374443012783087
183,0.941671394770769
184,0.9879650864422865
185,0.9793624876270931
186,0.9840084898934224
187,0.9597421031280073
188,0.9898347517910563
189,0.5181209866525744
190,0.09511577033687946
191,0.2547896440963221
192,0.3759021139098232
193,0.4714415797994702
194,0.8432964568726646
195,0.9807783830620873
196,0.943341216025359
197,0.9737851458581227
198,0.9339330267648438
199,0.5750586308572239
200,0.8749623804224064
201,0.4565241820322663
202,0.9721120181398046
203,0.8993091055546186
204,0.12617834801239614
205,0.9648789396452837
206,0.4854263824854045
207,0.9818219430216764
208,0.8910579925032416
209,0.9104643031735604
210,0.8025116797449238
211,0.7735580429153203
212,0.7304275982480051
213,0.9704135616553422
214,0.8749572494681161
215,0.3228976979891497
216,0.9840612381008429
217,0.9029633539610562
218,0.9299379621281051
219,0.9668452100709852
220,0.9921980824099932
221,0.8309916435298651
222,0.8779383920284136
223,0.6774034912286121
224,0.9953495019565787
225,0.88976410484714
226,0.18285077508081382
227,0.9527950394561506
228,0.9609136250456353
229,0.7971850049746448
230,0.9586007998582183
231,0.9797969578955305
232,0.8162801916321207
233,0.20518915076099253
234,0.9714565781236114
235,0.6720141813460394
236,0.6008060262542041
237,0.49758041107952844
238,0.9951197491239516
239,0.9481525759729901
240,0.5828026560467184
241,0.35337579309191425
242,0.4799689736147952
243,0.07779324373988905
244,0.9259830141404535
245,0.9608210158199597
246,0.2537487524406816
247,0.9512643323083115
248,0.14579575595786531
249,0.9870947430491261
250,0.8349514025807435
251,0.35692190288995285
252,0.8252054805051052
253,0.969839822019872
254,0.9589610763735047
255,0.6441837055532156
256,0.9432735670244626
257,0.9201552874690136
258,0.2870265744149394
259,0.9714531390275772
260,0.9257162911428385
261,0.9493280546003472
262,0.2721583617107225
263,0.8419373909702065
264,0.7834530436986757
265,0.8237771974044941
266,0.9773551478839824
267,0.5882489383893673
268,0.9672830359805739
269,0.7568448294164053
270,0.5490048534837639
271,0.9805311955905146
272,0.9732464392681187
273,0.9220965089767169
274,0.7139042127567732
275,0.9937014027616741
276,0.6253228256673344
277,0.04760280850492693
278,0.9473052341122261
279,0.5887483541856261
280,0.9868990299359066
281,0.9455266107617857
282,0.7366555070750429
283,0.2591078631443833
284,0.9461403047168545
285,0.9354130730311323
286,0.9946844253496959
287,0.9930074711801476
288,0.5599697367067966
289,0.7084005583415887
290,0.5127037340033702
291,0.853772005850654
292,0.7949987637618433
293,0.2277042710566355
294,0.9947722807654097
295,0.30607219620369763
296,0.9960266410806461
297,0.7945739172877812
298,0.9204590874280185
299,0.8529067638566916
300,0.47670233791481686
301,0.9615675053000989
302,0.5515462388706849
303,0.4495388666716772
304,0.9261749423125936
305,0.9764887486158964
306,0.9619885083974785
307,0.9458327386445027
308,0.8995340971554525
309,0.29412789487609103
310,0.972072397467664
311,0.998330444845103
312,0.8257679339406354
313,0.9881646818459268
314,0.14081495287190748
315,0.30227092889963725
316,0.9500421309452602
317,0.20525188825982588
318,0.1569251529566036
319,0.27585424024220895
320,0.8044402166990334
321,0.98543414064883
322,0.3494540032796921
323,0.4277954288208249
324,0.911036875659832
325,0.46135095820978456
326,0.7734484246687776
327,0.8061555449622982
328,0.21839895474311188
329,0.9330751513640438
330,0.9610350653104588
331,0.6285758099841916
332,0.869127202115527
333,0.1310077285228004
334,0.980586801509757
335,0.957454622464494
336,0.9010757326185073
337,0.8674171735727763
338,0.9836775353147766
339,0.7568359806786342
340,0.05846546428171717
341,0.9964512249141843
342,0.3545006224245375
343,0.950556799983643
344,0.4917659905918289
345,0.8971396963584175
346,0.9945933526502246
347,0.687336793803343
348,0.9455324240201177
349,0.03534479797485446
350,0.9422036056851644
351,0.9196581838704252
352,0.9876125260356197
353,0.5235697986149916
354,0.9933348796770722
355,0.9918540153123675
356,0.9308459975579435
357,0.9554881804718037
358,0.9863773452919803
359,0.8315140006918711
360,0.20958974497738048
361,0.8085502612917089
362,0.21668464648593122
363,0.6532822250900963
364,0.35190704182437715
365,0.9803867270975796
366,0.17872402805200083
367,0.2466347405242315
368,0.9750544142940659
369,0.1380493466208942
370,0.9819460034976997
371,0.9729450682993162
372,0.9732059991491621
373,0.0979158231706524
374,0.47792496193746115
375,0.5954146261746831
376,0.3446689939919223
377,0.9204614512273874
378,0.18023379242812776
379,0.6846664976248896
380,0.8669256734842342
381,0.9497893107162214
382,0.516333828583259
383,0.9441787373045685
384,0.6860578031922724
385,0.9390658288704615
386,0.9507831080326397
387,0.1852580334238223
388,0.7147097127380444
389,0.9703570521166515
390,0.6888782415799324
391,0.8554263914458233
392,0.9326403397154073
393,0.07475402885603388
394,0.9836070097412936
395,0.3640337396273152
396,0.3078876573284801
397,0.28640231286169704
398,0.9503683532653177
399,0.6758539172706295
400,0.9506131448821574
401,0.9900824626830669
402,0.5104401373441233
403,0.9548464500170455
404,0.27129733945207335
405,0.4025236302442816
406,0.9917144941390156
407,0.2616711520408568
408,0.24075698506738252
409,0.9823708632037358
410,0.18197347465858327
411,0.974015261434243
412,0.49981440429576807
413,0.8571361853714167
414,0.7291677961170608
415,0.982065630524688
416,0.9244439214521698
417,0.9751214546334755
418,0.9876393896479564
419,0.8426030155798054
420,0.32096786812270217
421,0.9797853881469395
422,0.7572253820784689
423,0.9902529916857703
424,0.43350678517766605
425,0.9799393808874755
426,0.13702343144668117
427,0.5184660132642831
428,0.4390488209355782
429,0.9128356082389948
430,0.5358945255416314
431,0.9959959421272657
432,0.9488046722437616
433,0.6069630497115877
434,0.09533059429349888
435,0.13123637301106028
436,0.985955477377523
437,0.7571797833034544
438,0.4979679933607116
439,0.8177514610142593
440,0.8139204655045216
441,0.9751209099013988
442,0.8368697920537037
443,0.9467443062036536
444,0.986363695887108
445,0.8345394127313344
446,0.6466191628069942
447,0.4099132410104144
448,0.6714197636540762
449,0.9497807700156263
450,0.5119142002450261
451,0.9546505777600321
452,0.9889003148136437
453,0.28942843046232036
454,0.9651176524254577
455,0.9724149978815625
456,0.954406391699331
457,0.44533224096376145
458,0.9509208599749388
459,0.7932715297317325
460,0.9839111068655354
461,0.7173722211483756
462,0.9048089062071806
463,0.9828529954286981
464,0.4418787365030742
465,0.5085710596770299
466,0.8540862400513821
467,0.2874817276449272
468,0.4184693434516299
469,0.7408658515686435
470,0.9626697292221782
471,0.9872647579505018
472,0.9974707269954621
473,0.9668933659588224
474,0.9622600223466861
475,0.9284997353078233
476,0.33603537848899623
477,0.9917836870185519
478,0.9911959317650852
479,0.8176185684987393
480,0.7208712362236207
481,0.05581651438908086
482,0.9915689746710308
483,0.9843089137609607
484,0.5256154763438226
485,0.860436928480089
486,0.19629617164032098
487,0.9971204533877845
488,0.6572807574070159
489,0.6691914067486999
490,0.2242646517700857
491,0.8976651639789787
492,0.6301837626011493
493,0.5154881314803572
494,0.9649610846139096
495,0.9502436254594765
496,0.5782888087410563
497,0.9887934460063466
498,0.8091780704991816
499,0.6615279698308085
500,0.8615952974985046
501,0.990074242068772
502,0.6866590774056651
503,0.9706218028469409
504,0.46476940183452375
505,0.8093040483804924
506,0.9905081012738188
507,0.08770718528995736
508,0.885322918582535
509,0.9329453465274907
510,0.9800520353948482
511,0.2753286023732884
512,0.9103378343135673
513,0.8639297716802559
514,0.9919486815013219
515,0.9544915783993752
516,0.7315498352375506
517,0.676818263883374
518,0.684449281788357
519,0.9741452441122653
520,0.94542878905894
521,0.8638006533365695
522,0.9971558570353277
523,0.9655550299870271
524,0.6191751593779791
525,0.9112889611985824
526,0.9624925789069395
527,0.19171454882551286
528,0.9174008609078586
529,0.8006275848072313
530,0.5481683109899109
531,0.9941849532082421
532,0.7606497537435427
533,0.8686074291571462
534,0.9091570811320547
535,0.8990563647654465
536,0.962318982400373
537,0.9683873869642792
538,0.985646621972132
539,0.9898139098003299
540,0.9216104653026287
541,0.9411678303059099
542,0.9805133528352475
543,0.07054770775278096
544,0.6916726563846138
545,0.8665600378727225
546,0.21031141410173826
547,0.9362261055078316
548,0.997050683884189
549,0.44628801564140363
550,0.9163168643636093
551,0.5934725283681395
552,0.9149852418818308
553,0.7285677356708338
554,0.8895436222401026
555,0.9679097561522702
556,0.9757140294356825
557,0.9161932834284868
558,0.9849180619388912
559,0.1959606763289834
560,0.9571834567232971
561,0.9879824216496776
562,0.33679902603552525
563,0.3143451419757265
564,0.968012150963953
565,0.5947134699643233
566,0.9785788562282718
567,0.7770549871218535
568,0.992685951251305
569,0.8468096053226545
570,0.9648382401380667
571,0.5712031951061224
572,0.441885288382197
573,0.987564218259024
574,0.7884243821778526
575,0.880452878256682
576,0.9361463377961918
577,0.684546700542587
578,0.5928637346385895
579,0.9850009077440891
580,0.7272293882169314
581,0.6331102301186368
582,0.7692608592784772
583,0.30067705823553326
584,0.5633290793502279
585,0.9931176196014099
586,0.4423892750481112
587,0.9988773471731578
588,0.8663040882958617
589,0.8498933836293368
590,0.665765450595001
591,0.9984269069323606
592,0.6210776164287487
593,0.8565646105313516
594,0.30962508417361556
595,0.8806461019844478
596,0.9373701296834873
597,0.9960170730285259
598,0.22545750123908637
599,0.5497890570953279
600,0.9208212355091461
601,0.2822056032690602
602,0.9427231813980972
603,0.9839636009672342
604,0.929231755079803
605,0.9953795654715004
606,0.9695452210119305
607,0.6467526086793117
608,0.8133905314109886
609,0.9762426015596458
610,0.9954146438150351
611,0.5640949274042373
612,0.25710158618429624
613,0.9364632191827955
614,0.4799381562281213
615,0.5284288758753292
616,0.9429265710272304
617,0.9834182943781443
618,0.5708871572376635
619,0.9373472191835186
620,0.49059068984188636
621,0.7140357671742925
622,0.7455581681593609
623,0.9260515059946377
624,0.9615404804189243
625,0.21800319976052118
626,0.9440382600363845
627,0.9838736939784128
628,0.8742455027495168
629,0.773246789781063
630,0.7483196307826352
631,0.8244077661210873
632,0.9019926500467502
633,0.27398494014797736
634,0.5989445087404184
635,0.14219925081608276
636,0.9668559695102681
637,0.912348324944468
638,0.2554520382378329
639,0.8151772529251269
640,0.9488100166874841
641,0.9348298205060493
642,0.6588874209672988
643,0.8912994078301514
644,0.9954099524788046
645,0.7896079011969513
646,0.08031287527078912
647,0.6827408563686758
648,0.21063177617060413
649,0.9904592769567068
650,0.13243777485174046
651,0.9651497770792806
652,0.8427595238723524
653,0.2049389884099092
654,0.4633332796239785
655,0.9731665619148172
656,0.5371281004478567
657,0.7786618924944487
658,0.32590153188060045
659,0.9728743962699465
660,0.21748447192593034
661,0.9156488626237202
662,0.9465712745784622
663,0.9472808128424051
664,0.7248363174941432
665,0.39951949123689723
666,0.2758159015514047
667,0.5821829080149934
668,0.26848170828016926
669,0.451868481375325
670,0.9836828332485418
671,0.9772839250789499
672,0.31416780231652064
673,0.9416016626213165
674,0.9980870568370146
675,0.7797862414625751
676,0.2547074722667416
677,0.429107146027053
678,0.6238708804719044
679,0.8715302786517635
680,0.9383388935525651
681,0.454205201202763
682,0.9854727560165221
683,0.7302985997940444
684,0.9018781711008429
685,0.46240257931084316
686,0.8641367882810335
687,0.9290886174526195
688,0.9109319738302938
689,0.20507991112949864
690,0.8702497772530491
691,0.9842017792649995
692,0.21482149255265304
693,0.5343993629009237
694,0.4718347740067036
695,0.9572830186053976
696,0.5656956543679511
697,0.5814388920373635
698,0.17530911083789502
699,0.9967702570948586
700,0.9354724590024368
701,0.4219607312047938
702,0.9220365699168988
703,0.9837655064434051
704,0.242402603309811
705,0.921813837559088
706,0.9240212548861564
707,0.8600527150466676
708,0.993589106703783
709,0.5741932764807756
710,0.998359304023802
711,0.8658414143680241
712,0.97338237293192
713,0.21554404813471106
714,0.2310862836701275
715,0.9041178438834769
716,0.9855673975604591
717,0.7375263536268861
718,0.9821022197702568
719,0.27814825498105133
720,0.9701316000690705
721,0.1795331024375325
722,0.28957877925829045
723,0.25000936841598875
724,0.17207971411798684
725,0.64216713631874
726,0.851431057216256
727,0.9936755891461773
728,0.9779038833637235
729,0.9784264294504176
730,0.8772604325480198
731,0.9100197573357288
732,0.9694873496076163
733,0.9235859300774819
734,0.8085084455747493
735,0.16063997827836785
736,0.9910319860870491
737,0.9581225143256723
738,0.32423663665284064
739,0.9353649282274007
740,0.15559552630817775
741,0.9044368851471207
742,0.37221757782467335
743,0.40354440109418277
744,0.18700091625960757
745,0.8711431170372508
746,0.9982659283436256
747,0.8540512061983074
748,0.9902395653930933
749,0.30853668782615107
750,0.8120305019948324
751,0.9819407422392378
752,0.11997810689956456
753,0.6146842083993544
754,0.40461508430190873
755,0.6479894231688214
756,0.8583588198585227
757,0.937521041088137
758,0.9929933047644918
759,0.9569195957919593
760,0.9588779371629162
761,0.9036646023690098
762,0.06267515505550825
763,0.24678821462305878
764,0.20674927249088015
765,0.7477403826673494
766,0.5328271733430723
767,0.9911096036595705
768,0.9935917438026888
769,0.9214339583885494
770,0.9982342159275415
771,0.16535961650494513
772,0.6038732929377277
773,0.876179070728543
774,0.9811171502041504
775,0.9097400070200974
776,0.5847600557081927
777,0.22715651310787122
778,0.9445468210222228
779,0.9842732912325121
780,0.03641526142268381
781,0.7388179915148263
782,0.7034326207244312
783,0.9472679436768897
784,0.9122376991691038
785,0.6341071087551187
786,0.06816510000628995
787,0.9486058008501981
788,0.9926173478172088
789,0.7249068575033679
790,0.8667888877070238
791,0.9845365648585347
792,0.9543029714851083
793,0.9889196820866037
794,0.8475524815913633
795,0.8346603407971054
796,0.9575749215569079
797,0.9943658979613488
798,0.9634068758460372
799,0.993682470896071
800,0.9474101806030214
801,0.7925745492956348
802,0.09014939154221768
803,0.8278116067871638
804,0.7093057983958171
805,0.9920385420087273
806,0.9926915351895077
807,0.9882315123449311
808,0.9855357134452342
809,0.3919271850510937
810,0.9878957252548813
811,0.9481615480530204
812,0.8317154173574905
813,0.7660114104894375
814,0.7789383107427654
815,0.5715538513560112
816,0.01916360490765523
817,0.9619541616294891
818,0.997171278335347
819,0.8059096650604034
820,0.06619909073500241
821,0.2216444162795329
822,0.9952553398020456
823,0.9985135944763323
824,0.9777665679649862
825,0.6241971648649257
826,0.37957990190838986
827,0.9923532622798159
828,0.9526133691942187
829,0.9721108382158645
830,0.9805873645706584
831,0.9789410019921225
832,0.20503438198244917
833,0.9546868753065962
834,0.9587253808240045
835,0.9456442071830504
836,0.1752779485620528
837,0.9807591130738429
838,0.9725431153593396
839,0.9570536971132808
840,0.9613256342534933
841,0.7759957989773866
842,0.8168605457526183
843,0.5336990849200955
844,0.9821391262753963
845,0.363357292847847
846,0.9732589019811478
847,0.9597251141220284
848,0.9860481625220199
849,0.6974879435685294
850,0.9819506250137955
851,0.648751122408271
852,0.15680312750427972
853,0.2733382059478081
854,0.9964713888098605
855,0.9267645553704201
856,0.22583258151662544
857,0.10855222353364391
858,0.19599222749790146
859,0.09115934230429357
860,0.9625642480830556
861,0.9736808967581655
862,0.8064830905279007
863,0.96882221947108
864,0.16584207919860738
865,0.9959334034069208
866,0.9025440723357582
867,0.8083392285527974
868,0.8454321321226266
869,0.9399588842942163
870,0.9693431861442391
871,0.2253583784283455
872,0.5940416215386111
873,0.8994940530147494
874,0.9418775311704668
875,0.5474835053901346
876,0.9505808975277168
877,0.9947295618602855
878,0.9101032147627027
879,0.883538409571391
880,0.6388043917919256
881,0.6204858789795122
882,0.7821828829397611
883,0.9420514824681203
884,0.5598013383401963
885,0.9118319238734923
886,0.5559163290215579
887,0.7841334847091717
888,0.9841764373432155
889,0.42507188644130545
890,0.8559570900811589
891,0.5971455539672363
892,0.9913699863827025
893,0.993401750156671
894,0.2790145503734561
895,0.3414165367198444
896,0.6148655598846251
897,0.42291284555241604
898,0.1265188225446301
899,0.7614147217500886
900,0.9878680059955747
901,0.7801707907694028
902,0.37030972504812576
903,0.04839421498724994
904,0.8633047154783597
905,0.9517086276733393
906,0.9630080572395193
907,0.7997253883969913
908,0.9623619595332318
909,0.7891838964652056
910,0.9648297154191448
911,0.943805770182584
912,0.9049252085308191
913,0.991946202646364
914,0.6209910944879389
915,0.988042277948173
916,0.9854813917630594
917,0.9862422666103249
918,0.9558899380529866
919,0.9901867485726425
920,0.5933041395302181
921,0.49846382056956673
922,0.24397882677040106
923,0.9813347980124981
924,0.613719525834542
925,0.8859226228396662
926,0.9930491115413709
927,0.36081523561108697
928,0.9590426258660143
929,0.8216031631400548
930,0.9712661254065708
931,0.9730497539213138
932,0.6180898693358663
933,0.8011786759349756
934,0.9923867575117484
935,0.3028612223566737
936,0.7437981508800309
937,0.9316655470544326
938,0.9416735696918995
939,0.5951193767851894
940,0.990266262120066
941,0.7949117220104114
942,0.6702774146968753
943,0.9876246721317247
944,0.9658392762653949
945,0.2936634199128475
946,0.8865719518138213
947,0.9689216202246138
948,0.9655982592234124
949,0.987560444954957
950,0.8563728868354835
951,0.9606764390475163
952,0.739116288904637
953,0.9423086895345809
954,0.5758923537313091
955,0.4025326973544382
956,0.394722749491316
957,0.9577367685890196
958,0.9880275776257355
959,0.9662853919720528
960,0.7393965677989605
961,0.09910930688721575
962,0.9921992305261228
963,0.9329749878073343
964,0.9636258360860891
965,0.8836526358703994
966,0.9836434104708811
967,0.8351239045419037
968,0.13431509140774778
969,0.90214062935009
970,0.32454730026359724
971,0.4743650645874701
972,0.9662880653571938
973,0.3577050927487605
974,0.6973544327821173
975,0.9729916090123671
976,0.904487431845819
977,0.4877013783549333
978,0.9382089026163736
979,0.9720024850046172
980,0.15563026279662584
981,0.5716746304366369
982,0.6113077464684507
983,0.7644734265561625
984,0.9306971608389929
985,0.20600236753163137
986,0.9948161110788936
987,0.9287108903165722
988,0.6186228003938237
989,0.8013586223816234
990,0.43708413658438783
991,0.6297978834937161
992,0.3983073085521356
993,0.9853148483325027
994,0.16813017241574635
995,0.08778134779524771
996,0.9807888674353488
997,0.8550346012165435
998,0.6719476421528133
999,0.08032659275197551
1000,0.9553463309850786
1001,0.27462374221313046
1002,0.907168755075557
1003,0.46772088835306935
1004,0.9905601245595954
1005,0.9076628702223805
1006,0.9955339055131028
1007,0.9785907495656728
1008,0.6957269388271357
1009,0.231898516462966
1010,0.929061980527006
1011,0.738895481461362
1012,0.17817505509775755
1013,0.42149026048506644
1014,0.5777631852650966
1015,0.9609117315091203
1016,0.9886877544977829
1017,0.43306526049963057
1018,0.9281207204907203
1019,0.6382488636627877
1020,0.7704259959352008
1021,0.30487642130056014
1022,0.957626468689825
1023,0.7877530139397703
1024,0.9377056032075426
1025,0.03495145158834445
1026,0.9882154274851769
1027,0.9666467019116052
1028,0.1944615226771863
1029,0.5133552792541807
1030,0.6981543612445067
1031,0.8968278764075003
1032,0.9987539501679595
1033,0.5838697108609476
1034,0.9952595829947384
1035,0.6659017514483995
1036,0.9718826187095168
1037,0.9629073533524001
1038,0.9810332139313854
1039,0.9530970076155061
1040,0.7119330883477404
1041,0.3052707114006763
1042,0.8708281173516996
1043,0.7976447344595498
1044,0.2694207530819017
1045,0.5454890717667675
1046,0.23403979447596968
1047,0.29346082828789877
1048,0.8725285439107628
1049,0.9919535855295812
1050,0.9015987739531041
1051,0.9620403017015633
1052,0.9312783835428953
1053,0.7170235431430312
1054,0.990485588293417
1055,0.9958360928617748
1056,0.9021095170046629
1057,0.9832128449737574
1058,0.8513315069662707
1059,0.980076329688115
1060,0.407711246597949
1061,0.11126930179651029
1062,0.9589846538070105
1063,0.9514921449440167
1064,0.982298356132052
1065,0.9757054131697258
1066,0.9942545428288404
1067,0.6045519035197312
1068,0.9149763227738636
1069,0.48087839314174574
1070,0.701027294641748
1071,0.9274142773893311
1072,0.17328660631127235
1073,0.32606655222003744
1074,0.9758046228652112
1075,0.7544844150598558
1076,0.9075027445020956
1077,0.98377453781093
1078,0.6546203386084761
1079,0.7977445203658559
1080,0.9673953094454893
1081,0.28393731523648535
1082,0.9903587125904577
1083,0.9938245674646927
1084,0.8586703509660831
1085,0.8529310328188618
1086,0.8240143820669281
1087,0.5073759127570723
1088,0.8262169956730461
1089,0.764799119838605
1090,0.994760204427095
1091,0.166940000270142
1092,0.18399652127450938
1093,0.870532143007089
1094,0.9316180637319268
1095,0.7521848942723327
1096,0.4628132723190429
1097,0.32269656529388424
1098,0.2635142247413097
1099,0.9133148930320822
1100,0.272914283077179
1101,0.718500626893668
1102,0.9511776999794933
1103,0.6812793056071249
1104,0.15852046372937312
1105,0.9274198794047828
1106,0.26889113062454106
1107,0.9846034513943898
1108,0.9001592446022783
1109,0.9038249856452436
1110,0.9859217531031601
1111,0.1408815036039529
1112,0.9669589734381777
1113,0.875771808295326
1114,0.18957166376109447
1115,0.9059310126023618
1116,0.0678569440581066
1117,0.238577826992607
1118,0.1978510313436732
1119,0.30876122626324665
1120,0.47371090075425437
1121,0.3669074942579479
1122,0.767653078870675
1123,0.7477462730351476
1124,0.9777931678913478
1125,0.6870164820946925
1126,0.9976672335108557
1127,0.8700575633542682
1128,0.3674745931733735
1129,0.5019421043326704
1130,0.9341985439365577
1131,0.7304520507557963
1132,0.9135315730172726
1133,0.7556094928128212
1134,0.6953461131894546
1135,0.8772207430429687
1136,0.97418992078881
1137,0.28442394430958184
1138,0.9596341783565294
1139,0.8511202428865781
1140,0.8932169874487665
1141,0.11439358669046595
1142,0.3029624264229318
1143,0.9617025815492065
1144,0.7710415908783176
1145,0.9728848299152701
1146,0.6190672583741642
1147,0.9168285924321072
1148,0.9363095111691607
1149,0.8778830801623362
1150,0.8840109576136812
1151,0.08609453822080404
1152,0.5688081226795143
1153,0.30728742676777243
1154,0.8119195867230888
1155,0.9917361190019621
1156,0.47569054080528794
1157,0.8441752514853821
1158,0.18045601051155913
1159,0.8488247370229813
1160,0.892815229469842
1161,0.8563756258363273
1162,0.621854119357466
1163,0.12508916618003563
1164,0.21875981037607617
1165,0.9757351680828427
1166,0.4471847042719195
1167,0.9356389939346265
1168,0.9391078863502436
1169,0.9989673781381643
1170,0.5573094027943963
1171,0.324530369744656
1172,0.15037133878882214
1173,0.04056998641159648
1174,0.4309098306867505
1175,0.7368410397698897
1176,0.9809692918402726
1177,0.9816500348849224
1178,0.8780530119209585
1179,0.6854116276510509
1180,0.34318926270439154
1181,0.7801918718802763
1182,0.9924273193502028
1183,0.971398411114557
1184,0.9856963202751013
1185,0.9829462436733605
1186,0.9803648097269768
1187,0.22375738794753264
1188,0.7822360395530356
1189,0.9972180199380396
1190,0.9902067656821736
1191,0.9868794120365066
1192,0.967403653377643
1193,0.33933044044882066
1194,0.8734603001930649
1195,0.9742157574368842
1196,0.9058708241114343
1197,0.9455374779353841
1198,0.9326659923990477
1199,0.9837501344702563
1200,0.4401955268853063
1201,0.7398300708467511
1202,0.9484162742683429
1203,0.6520317540763007
1204,0.6416975828661364
1205,0.9974643898851487
1206,0.9442024222092316
1207,0.5334290619695561
1208,0.3417778791297501
1209,0.7308233817921351
1210,0.9951314483511973
1211,0.9765547001791823
1212,0.04328005920131495
1213,0.5469829067538945
1214,0.8113981534748864
1215,0.9858022552556325
1216,0.9882235530728196
1217,0.9898153681401177
1218,0.9721831145003729
1219,0.7538719933933592
1220,0.9699574601107149
1221,0.19528793213263118
1222,0.9766928555495638
1223,0.23811543577546312
1224,0.9957590712630524
1225,0.8738030786461488
1226,0.9643143209772518
1227,0.4807190714996946
1228,0.7738322093597308
1229,0.8976400020895228
1230,0.30331963832587605
1231,0.23820702038996988
1232,0.9926383757260532
1233,0.07903479238964595
1234,0.7750575096815254
1235,0.14929799838777547
1236,0.3163636642772387
1237,0.21701351390632573
1238,0.9688245477573338
1239,0.14935465052489283
1240,0.9568366195714804
1241,0.9757345652524182
1242,0.8626741479755435
1243,0.9927274537179805
1244,0.9059439498314839
1245,0.5033484781414777
1246,0.6299309680834171
1247,0.7894008111870139
1248,0.1478722949760466
1249,0.9439585279779731
1250,0.9055190282924733
1251,0.7700336614077634
1252,0.45972268683359385
1253,0.6981551935779754
1254,0.9298226489231539
1255,0.91460051634098
1256,0.956940225398287
1257,0.8183465971844648
1258,0.15030566950279378
1259,0.9053754727880092
1260,0.9779528532164418
1261,0.9932439387902012
1262,0.7759982999659638
1263,0.9477209967435626
1264,0.08600557128759756
1265,0.14204272210113333
1266,0.9964440253227541
1267,0.34460467454752974
1268,0.9775755713663276
1269,0.29777068061381917
1270,0.9616368288048783
1271,0.9684916942491762
1272,0.9571983304815814
1273,0.9888730398715314
1274,0.696001075618764
1275,0.9884890592180149
1276,0.9571050122610643
1277,0.3003064813716364
1278,0.7069709488190097
1279,0.8734854601783502
1280,0.15011677585485617
1281,0.6590882409678473
1282,0.5646555177302628
1283,0.5993668464953334
1284,0.585923101445786
1285,0.9959244976866135
1286,0.9161508641979791
1287,0.9697899859130031
1288,0.7820182052611487
1289,0.32375581936084163
1290,0.9795791065052369
1291,0.9896718767703637
1292,0.8035068011493508
1293,0.8937499201248433
1294,0.9878910153319583
1295,0.9773308867630452
1296,0.5348281170620134
1297,0.9927968737527706
1298,0.6607222450623631
1299,0.8586625027518973
1300,0.9867822806399109
1301,0.9935781991753515
1302,0.9928036128142806
1303,0.9892027532143988
1304,0.3527805415383495
1305,0.9117694204357627
1306,0.8587449634471537
1307,0.9872054158989947
1308,0.10856384932153207
1309,0.9622081849679804
1310,0.9350504451402382
1311,0.37754806488960235
1312,0.8168601113675722
1313,0.989486916876901
1314,0.5647311343931785
1315,0.9794341205088625
1316,0.9827927273377965
1317,0.22056818747108276
1318,0.6968744082304378
1319,0.6622798291518316
1320,0.9206943004142618
1321,0.7816559203771289
1322,0.7822332843099208
1323,0.6824978357764624
1324,0.7905208673008629
1325,0.6632393866610575
1326,0.6729577240713137
1327,0.6025269515324525
1328,0.9285193770852165
1329,0.67796763336548
1330,0.2707543622213836
1331,0.9781131653739451
1332,0.9807549346971918
1333,0.893201235334953
1334,0.9682742600139082
1335,0.8902277365248087
1336,0.7366330814428845
1337,0.9780373714475057
1338,0.9765245887629728
1339,0.9455705714760023
1340,0.7632303289200317
1341,0.31980340745288083
1342,0.9438565714881135
1343,0.8804129845706417
1344,0.5357304496034379
1345,0.9387282096748012
1346,0.9915987614782018
1347,0.9989817790449694
1348,0.9890866491552366
1349,0.9826485700259064
1350,0.8650463714590482
1351,0.6633427847205229
1352,0.8491029593580945
1353,0.980433657378457
1354,0.9772045700858343
1355,0.9918598628658073
1356,0.1829935806831321
1357,0.9936888222228155
1358,0.5133455344458091
1359,0.9794449954185921
1360,0.7631797170170405
1361,0.11850466071098642
1362,0.9093823194741505
1363,0.26675767072151124
1364,0.9185973291990501
1365,0.16971301048787157
1366,0.9854456290975403
1367,0.9197898624475727
1368,0.9919174723774057
1369,0.9866855416582011
1370,0.9927439855174771
1371,0.8656825124145556
1372,0.958337158884961
1373,0.7095662194933865
1374,0.9314743229119828
1375,0.17281966535329218
1376,0.9953705442363661
1377,0.36716222271185717
1378,0.864467243211962
1379,0.6987559670444545
1380,0.9590564150670614
1381,0.9902803171046617
1382,0.43501267097494856
1383,0.9961847412926812
1384,0.13095821057451762
1385,0.9959666116384943
1386,0.29241167197367124
1387,0.2038932182537726
1388,0.6869508460893445
1389,0.5526429368351438
1390,0.05895218917817657
1391,0.7258622081679648
1392,0.9223705824458838
1393,0.9830525080186565
1394,0.9516898063095717
1395,0.938372612353097
1396,0.9837397112530635
1397,0.9742612851765164
1398,0.9883388252275325
1399,0.5227464456796225
1400,0.8450611186914219
1401,0.5339601309088586
1402,0.9952104290785052
1403,0.28816187630842016
1404,0.7894490543968316
1405,0.8996670744555677
1406,0.7716585265639855
1407,0.992215354321549
1408,0.9424181610525615
1409,0.8413370042717965
1410,0.927253559547921
1411,0.1571729255362182
1412,0.9337458584546205
1413,0.6799370895902268
1414,0.9906833380704962
1415,0.997006890121019
1416,0.891987940955443
1417,0.9935102133486904
1418,0.6078378952774598
1419,0.9215633307522783
1420,0.8705422688564517
1421,0.9933314371994634
1422,0.9940498834296213
1423,0.9633190138807961
1424,0.5752381949473111
1425,0.9695372967664709
1426,0.8008837338387387
1427,0.9874299820008621
1428,0.9491299872283079
1429,0.9669200808467318
1430,0.7902853653717952
1431,0.9759681371758643
1432,0.725661760088573
1433,0.259415277698822
1434,0.9768021556189772
1435,0.3141622735201248
1436,0.09440624363442707
1437,0.8502363262920425
1438,0.3366691109406804
1439,0.9895902445268041
1440,0.36968110508784136
1441,0.3085509203648851
1442,0.9748922246164402
1443,0.9437257383036665
1444,0.9864757464021477
1445,0.980376126285044
1446,0.9682084874124463
1447,0.6697112348997438
1448,0.838821802523243
1449,0.3287445461361509
1450,0.9728494083707593
1451,0.9864972235937908
1452,0.8320973926725033
1453,0.21320619973818689
1454,0.8286199929992955
1455,0.6070369817224182
1456,0.09459559606940393
1457,0.9923041868690307
1458,0.9735518780076918
1459,0.8603452296131409
1460,0.9954385779971413
1461,0.9190139627027408
1462,0.5821079461623409
1463,0.9732969819197497
1464,0.782518660289529
1465,0.9622855131251967
1466,0.9312572293537543
1467,0.9804233003494496
1468,0.5253173668665865
1469,0.9906445729773655
1470,0.7065982200550991
1471,0.9832452868356999
1472,0.053860237522775356
1473,0.5223730124188911
1474,0.1456958061804181
1475,0.9888097587639473
1476,0.988130569432373
1477,0.8202243803673499
1478,0.9607369013961596
1479,0.7059661718256272
1480,0.25697561675113
1481,0.8619916045951815
1482,0.6496247920835909
1483,0.888681523750343
1484,0.24209393096403642
1485,0.862583518864962
1486,0.3085737812740811
1487,0.32729550028069543
1488,0.9892937107406893
1489,0.9904018015411433
1490,0.36809992029088434
1491,0.9408984709641387
1492,0.8114812607631466
1493,0.3949622243144725
1494,0.9786262848225104
1495,0.972871794182836
1496,0.9846410576007738
1497,0.6846697431585091
1498,0.8226753463899599
1499,0.903982649990686
1500,0.9797611693847743
1501,0.3650417281344409
1502,0.48891711638174373
1503,0.7965129110950224
1504,0.6987793990121602
1505,0.5850682082890374
1506,0.9943721919079913
1507,0.9772756619905449
1508,0.9650231156047382
1509,0.9548446822585092
1510,0.2768569839134921
1511,0.20734170968187093
1512,0.6888415044729327
1513,0.735370695084005
1514,0.9742023665724643
1515,0.8967247511955162
1516,0.9956969311115965
1517,0.3184145226692019
1518,0.8885900971058576
1519,0.9818446838173205
1520,0.9048966205556428
1521,0.9367473202553849
1522,0.8469326483843863
1523,0.9458014980671055
1524,0.5740977284836363
1525,0.9658387707407206
1526,0.8887157535594422
1527,0.7665690272860208
1528,0.9003148311575374
1529,0.9848896137214371
1530,0.9585889903298488
1531,0.29971169760185656
1532,0.9718085708886823
1533,0.9383805908295297
1534,0.41132143232678975
1535,0.29802144898548555
1536,0.678926888655245
1537,0.9786423056898358
1538,0.8401290989661383
1539,0.9525999874983241
1540,0.6756929992383287
1541,0.8683480816752758
1542,0.8164261848836392
1543,0.7085719832846169
1544,0.9867147341838687
1545,0.30003019428545596
1546,0.31493385986774536
1547,0.09528653768133355
1548,0.8835776356991293
1549,0.46332750370706377
1550,0.9917117255374294
1551,0.8826816626472918
1552,0.9383224362394026
1553,0.1496831602234302
1554,0.8904823917464295
1555,0.173017515502916
1556,0.9209772026294757
1557,0.995595878353685
1558,0.5207467379635746
1559,0.785009777043546
1560,0.9325490336975908
1561,0.15435469165640658
1562,0.9646433744686026
1563,0.9786555536210976
1564,0.5723915445090058
1565,0.5215570967972848
1566,0.8462168913792615
1567,0.9692964924339083
1568,0.9848696967096945
1569,0.29043989085922994
1570,0.7561038837647923
1571,0.17510082165926244
1572,0.9525161594781383
1573,0.02792665602775546
1574,0.11110268381652333
1575,0.7203486651592461
1576,0.5750763330398936
1577,0.6591610087523676
1578,0.3341465823805271
1579,0.9935396481822475
1580,0.9410440988508687
1581,0.8775298106667706
1582,0.33737922108448926
1583,0.5755957786772681
1584,0.9184772425091672
1585,0.7895514700863239
1586,0.25997216895630215
1587,0.9436546798550349
1588,0.9097379721981086
1589,0.9729036740293966
1590,0.9676967956814015
1591,0.3189310165199536
1592,0.7443253286942074
1593,0.040514455140567396
1594,0.7690970197600462
1595,0.13313151503170262
1596,0.9922418291284734
1597,0.4876063813163761
1598,0.2184923669900517
1599,0.9460192463626875
1600,0.13365436252760732
1601,0.7898654067247899
1602,0.8405887411072926
1603,0.18366916507571074
1604,0.3823419205375964
1605,0.5075572113267979
1606,0.12726522770403903
1607,0.9993511962255659
1608,0.912005036387128
1609,0.9363339233026979
1610,0.12424448419138301
1611,0.8555375059902897
1612,0.7154504261217676
1613,0.9629052440275141
1614,0.9585547928549912
1615,0.567959037156266
1616,0.5018467114711896
1617,0.20055853649220434
1618,0.9839799682375965
1619,0.272085518223381
1620,0.11759467336064733
1621,0.9761998504683969
1622,0.9868592022253181
1623,0.9342707718268304
1624,0.9921158767521951
1625,0.4917248200085157
1626,0.1859746028614696
1627,0.21358041441513753
1628,0.9720059152027551
1629,0.8897622081932813
1630,0.5729244133505083
1631,0.8058849120476403
1632,0.9916304580286422
1633,0.6204204060503127
1634,0.9553522182945776
1635,0.5154758173175952
1636,0.869835628592764
1637,0.9807255207838397
1638,0.9655496500388895
1639,0.9887677185342587
1640,0.9941723503739283
1641,0.39093968180542094
1642,0.9963922411840643
1643,0.6857673557558099
1644,0.24890095478812757
1645,0.9949391437392323
1646,0.2291475879659145
1647,0.6759310777275659
1648,0.8990362319909304
1649,0.9854951545155296
1650,0.7074396480629634
1651,0.5516340492010652
1652,0.9748101746005934
1653,0.9128638212037106
1654,0.05833569019081253
1655,0.9960322098810974
1656,0.9449261997304647
1657,0.9722500861536127
1658,0.8270683335321871
1659,0.9173414238875645
1660,0.6009097673415619
1661,0.6300697162165524
1662,0.994579898513959
1663,0.9077810353787961
1664,0.9813114456535788
1665,0.9749038123805479
1666,0.2667988332847826
1667,0.9708835951526525
1668,0.07491796117735694
1669,0.9807919770192421
1670,0.7524554941532682
1671,0.9199182898047413
1672,0.9450160524389075
1673,0.2386436059885203
1674,0.954711727972887
1675,0.9695462439862186
1676,0.9681186809442418
1677,0.968493866021528
1678,0.9270460975605029
1679,0.8757674394510784
1680,0.9569268355817435
1681,0.9512794508385256
1682,0.527680838327773
1683,0.9839341463435521
1684,0.5595267475782146
1685,0.23575097117625288
1686,0.8694627337119274
1687,0.08734565837180397
1688,0.44763762286298936
1689,0.6211549987010284
1690,0.8757144546085073
1691,0.24600139591344594
1692,0.9682726236975921
1693,0.8734822575844698
1694,0.529646889634078
1695,0.9744280107265183
1696,0.7224390104471733
1697,0.6278875732177178
1698,0.3403242945420566
1699,0.9812582110639944
1700,0.8758591902170808
1701,0.9808065237298622
1702,0.9977876554080766
1703,0.6989530302009157
1704,0.8855989741040062
1705,0.42840380068194917
1706,0.9658049268595542
1707,0.8203343221504108
1708,0.19147249651860954
1709,0.9532030112263001
1710,0.8498833946315223
1711,0.989656578359049
1712,0.9333925815759629
1713,0.978690388789501
1714,0.993820671720022
1715,0.7515577929578465
1716,0.9808111444421678
1717,0.7948278915981958
1718,0.9447984223412704
1719,0.4161079176025321
1720,0.7167549059532585
1721,0.9495319089611188
1722,0.8361071288881474
1723,0.9829879392152192
1724,0.8771370708380981
1725,0.9915582799973675
1726,0.9961277479897429
1727,0.8881976737109717
1728,0.8410697610398168
1729,0.8698159134339578
1730,0.8184947587191608
1731,0.9709932312680661
1732,0.7902837431161679
1733,0.9908282672537937
1734,0.1314428309674167
1735,0.7766523845553163
1736,0.7277597968725122
1737,0.9449026857892588
1738,0.9839793975140669
1739,0.9330592626590881
1740,0.952874614887903
1741,0.7235391529506952
1742,0.80513421414684
1743,0.9567780066485535
1744,0.9897642347925887
1745,0.2170959276506259
1746,0.976023244043991
1747,0.21489194700787706
1748,0.8205536327211005
1749,0.9625469250169133
1750,0.9662234014431971
1751,0.964359215307972
1752,0.9823678768621028
1753,0.3873322869110658
1754,0.8349068776624136
1755,0.9900619054452464
1756,0.43342501001809686
1757,0.9970167382440173
1758,0.7850980241143837
1759,0.8271223754408199
1760,0.98689113972733
1761,0.9765812825778988
1762,0.9539476302093838
1763,0.9798370194647013
1764,0.419310782834723
1765,0.3427200738043935
1766,0.9577391222682384
1767,0.9196611529473859
1768,0.43456115453696487
1769,0.9713529080380582
1770,0.9416023110208075
1771,0.22840803727778647
1772,0.29231009706875055
1773,0.32017712218718564
1774,0.9671734921528068
1775,0.42402092383425793
1776,0.9411043359774713
1777,0.9660353383424272
1778,0.7175537656219156
1779,0.7710636565246911
1780,0.9760097146201583
1781,0.9920922345602111
1782,0.8943868601627849
1783,0.9609544548146505
1784,0.9685771270535407
1785,0.9695960677778472
1786,0.9074140198801708
1787,0.1294553317154934
1788,0.9858442813003575
1789,0.8881843725077847
1790,0.9258860975175298
1791,0.41799352956160574
1792,0.9372278181728544
1793,0.9816343894630231
1794,0.43442104162781026
1795,0.8494130264164658
1796,0.9818661423552884
1797,0.09511558776759943
1798,0.8872037181158514
1799,0.8226333583849555
1800,0.9155836188418083
1801,0.7810101395870093
1802,0.7242050285996308
1803,0.9832620422472247
1804,0.8637211981612016
1805,0.974521757476932
1806,0.9911917621646125
1807,0.9939233432005827
1808,0.5235603156661837
1809,0.9928941256605868
1810,0.38246440987074515
1811,0.8595876069681053
1812,0.9772844516275627
1813,0.9206056963963327
1814,0.9816219857142408
1815,0.39829932735156925
1816,0.9311608822920511
1817,0.6549597080383546
1818,0.9892112399913706
1819,0.39628878705023807
1820,0.585396959302112
1821,0.984041189120451
1822,0.9686118129822251
1823,0.8862451028955369
1824,0.5689836755002127
1825,0.9865680747285015
1826,0.8621494061259745
1827,0.9977922804282066
1828,0.20158230082619655
1829,0.7700248476705085
1830,0.9532710110777575
1831,0.9809167407814741
1832,0.7877003681513306
1833,0.9130219886859927
1834,0.8822284684992352
1835,0.4298769348393632
1836,0.9576123327300937
1837,0.9597985339296463
1838,0.9889927003070735
1839,0.31906098059323285
1840,0.563551065919194
1841,0.9427835663540451
1842,0.9677330742522898
1843,0.955263282300301
1844,0.9913277943525651
1845,0.99404972674339
1846,0.9335319353181212
1847,0.5253867404960917
1848,0.08698642143569091
1849,0.9810342665189621
1850,0.9786954755726488
1851,0.9950525838920858
1852,0.15337620511762606
1853,0.15093248553566874
1854,0.9724275681861121
1855,0.5386860210323339
1856,0.23737638167766295
1857,0.9903993488657694
1858,0.7995027547069118
1859,0.9925491808659718
1860,0.9605784339546907
1861,0.6473228012783188
1862,0.9432720608249996
1863,0.777763562667581
1864,0.9467978744144755
1865,0.980552460260056
1866,0.9533866321637637
1867,0.3518215344622051
1868,0.9708918507670753
1869,0.9557861928678003
1870,0.9383692708780734
1871,0.8399806246260446
1872,0.31512876700561177
1873,0.7911886829266359
1874,0.24196296035910614
1875,0.9268859362329683
1876,0.9616596062301291
1877,0.9610386176625478
1878,0.9395341957727265
1879,0.839622773307907
1880,0.18453842871087445
1881,0.7229340703854198
1882,0.995326173783351
1883,0.3261094017935293
1884,0.9818379878342174
1885,0.8999643647138917
1886,0.7208070922675138
1887,0.9562904857296882
1888,0.884411266620976
1889,0.9086775047061697
1890,0.896767165885755
1891,0.6620644941262457
1892,0.9266892010206093
1893,0.551320560954351
1894,0.9316765200653361
1895,0.9501558190348547
1896,0.989089605399081
1897,0.7618700240591495
1898,0.9219687338389031
1899,0.9190734441314319
1900,0.9174078956579755
1901,0.9767814147649183
1902,0.9858951295951065
1903,0.982027449831413
1904,0.7960521269478018
1905,0.12437310268163448
1906,0.8057769882657281
1907,0.9552622863605644
1908,0.8567947610218447
1909,0.6204049173302308
1910,0.6293149656663015
1911,0.5881169952961568
1912,0.9330531133593285
1913,0.9922970377840247
1914,0.2054764448142551
1915,0.7759799567309053
1916,0.7490044049239892
1917,0.9877119361748311
1918,0.9447984271111642
1919,0.9910412367182236
1920,0.9925582289018041
1921,0.10019569655911931
1922,0.992976364513274
1923,0.6814252792676011
1924,0.937347538117258
1925,0.3668150142994344
1926,0.1348734797160791
1927,0.2775311635178114
1928,0.7781636129871766
1929,0.9769555603375333
1930,0.9700521940128298
1931,0.1426979704496344
1932,0.7519099843586101
1933,0.47885359548198836
1934,0.9795962270498314
1935,0.9607931211552218
1936,0.9587012989144308
1937,0.5421491341115035
1938,0.9655799396663004
1939,0.5475784657689956
1940,0.19251340492264624
1941,0.9697328184331946
1942,0.6365190950378085
1943,0.06022900249356555
1944,0.9802079041728281
1945,0.8805120246484747
1946,0.7453042756511762
1947,0.8791454630100177
1948,0.9269626849981841
1949,0.9859174311113086
1950,0.9821025365485891
1951,0.9278565160298244
1952,0.6922267000621529
1953,0.17742003964872377
1954,0.4301168076170887
1955,0.985357492245017
1956,0.8237316267368096
1957,0.505553472661193
1958,0.9842565371523769
1959,0.31822476788947207
1960,0.9575324047028055
1961,0.9913933641742743
1962,0.5389976657881524
1963,0.14141614890106002
1964,0.10278361711947959
1965,0.10824767573073335
1966,0.861531262183372
1967,0.9942325327101331
1968,0.7929158515705127
1969,0.9248875857280847
1970,0.915384763630334
1971,0.9549033896318437
1972,0.9391947595393958
1973,0.30399627045590294
1974,0.959722671684679
1975,0.7333710523027305
1976,0.9455394135077211
1977,0.20865097311013436
1978,0.9538318614935527
1979,0.08059815630381939
1980,0.9806229990630927
1981,0.9948937403375299
1982,0.9589719414622094
1983,0.8725900230242426
1984,0.40062018237090347
1985,0.9806273452313681
1986,0.8844520272835015
1987,0.9220998823699199
1988,0.9899389496708532
1989,0.9517864973663799
1990,0.8198712693464316
1991,0.9173218922194492
1992,0.9790594336110662
1993,0.7577647910654437
1994,0.9097483458456925
1995,0.7505385238921087
1996,0.4269650961158271
1997,0.9925017803032125
1998,0.46732912126181436
1999,0.9723328462512101
2000,0.9859702972421508
2001,0.9876108634627863
2002,0.9651633922317508
2003,0.1922830243839695
2004,0.953942329532898
2005,0.6095251482309757
2006,0.9764851072392666
2007,0.9201218865300607
2008,0.6928570859160108
2009,0.9713965788030443
2010,0.9973257604124207
2011,0.9625256426331772
2012,0.5833900774558163
2013,0.9688630774338081
2014,0.9317809615127886
2015,0.8798847620519654
2016,0.9921865106674684
2017,0.9880640584873496
2018,0.2092707642729642
2019,0.49071967024059715
2020,0.661504768502124
2021,0.9227636493577138
2022,0.8821012671489897
2023,0.2861191423384415
2024,0.9536445413587585
2025,0.9639246858127308
2026,0.7701684381997072
2027,0.6968516201535901
2028,0.4043814627894269
2029,0.5504852667253699
2030,0.9240560168429215
2031,0.9884574183932971
2032,0.9075222588783981
2033,0.9198316419972973
2034,0.8132911428930504
2035,0.9666427352733483
2036,0.40245518826627336
2037,0.9033145559203691
2038,0.8837170517423372
2039,0.9701021977565784
2040,0.9101044726334423
2041,0.9900006955562135
2042,0.6075812259437414
2043,0.7778992543025849
2044,0.07374615350194536
2045,0.8639220447213799
2046,0.9474480095962293
2047,0.7165434216789697
2048,0.9888257873686459
2049,0.17444789320797027
2050,0.9555959508790046
2051,0.9878519365233676
2052,0.07865542282590876
2053,0.8907975619390737
2054,0.9149079336903985
2055,0.09522518724477114
2056,0.8241995166252784
2057,0.26458408567102876
2058,0.8052768464189324
2059,0.9538011408501762
2060,0.9492662826264429
2061,0.714340190995931
2062,0.1412102132659384
2063,0.632661220535087
2064,0.38707542545028484
2065,0.2970454858929107
2066,0.9965828138829862
2067,0.37821783140121734
2068,0.5517976484290472
2069,0.9198798887538794
2070,0.9636587463084925
2071,0.7807839646112489
2072,0.9177543405503295
2073,0.9842048268809891
2074,0.7074432967990776
2075,0.9926681718903475
2076,0.7794495470203118
2077,0.9651256417410103
2078,0.9150073363017933
2079,0.15831322777717083
2080,0.934044191102289
2081,0.9255627138573439
2082,0.9476127795235442
2083,0.3344830820225003
2084,0.9786214074587406
2085,0.0688530431188169
2086,0.44912722598885146
2087,0.18115808641773656
2088,0.7005354177958816
2089,0.9597855997758041
2090,0.39524069874844026
2091,0.9035260700329899
2092,0.511291430018239
2093,0.9838135071307446
2094,0.5087256055438564
2095,0.05220519535798662
2096,0.9681334743255074
2097,0.9798095506129406
2098,0.9202114399323631
2099,0.988846151148352
2100,0.7724308721474562
2101,0.8930871123772892
2102,0.691059941390556
2103,0.8769759733679138
2104,0.9052929129181968
2105,0.30552769829155824
2106,0.37771356612521123
2107,0.13710963914222174
2108,0.6187878361274426
2109,0.9671960957431831
2110,0.8747369001813905
2111,0.9554732509871635
2112,0.902029936876192
2113,0.6943750948740295
2114,0.9904828382758682
2115,0.7794782756560967
2116,0.9681808474882976
2117,0.9789116043336238
2118,0.9621743740026245
2119,0.9114475480072926
2120,0.8859926744047946
2121,0.9658921722219265
2122,0.5142060121447305
2123,0.9666657064897468
2124,0.9086301196522047
2125,0.19942006586096062
2126,0.9121795394759009
2127,0.9743136182989162
2128,0.984215395699449
2129,0.9331219318123699
2130,0.9781693048397363
2131,0.9584181772339335
2132,0.9752280707320304
2133,0.7850832306292026
2134,0.9536793995149784
2135,0.20260233612568634
2136,0.5990983429318462
2137,0.9612204107150171
2138,0.9956766004841063
2139,0.3535070571383785
2140,0.980107141220527
2141,0.9591644155427602
2142,0.4848260103153679
2143,0.7050741509947505
2144,0.9905498896075855
2145,0.7293109705807912
2146,0.6889383123448145
2147,0.7578582321667614
2148,0.6018506157728715
2149,0.8622270115741759
2150,0.9828217489265058
2151,0.7249662173085687
2152,0.2611230801771559
2153,0.7403794870605649
2154,0.9609108517520776
2155,0.6085856384396289
2156,0.9917661432451322
2157,0.9359369648458428
2158,0.855725792301607
2159,0.9831903489264333
2160,0.5265591093412028
2161,0.9560408309210763
2162,0.9389569971335925
2163,0.9779444446641253
2164,0.9162324086268544
2165,0.9743916250243972
2166,0.9043389934545037
2167,0.9880660079111108
2168,0.20292037631631232
2169,0.9648779747502664
2170,0.9768447937883626
2171,0.4812603439355937
2172,0.8052749578382025
2173,0.907622058404871
2174,0.8264372382940416
2175,0.7041868215428395
2176,0.09298190408403484
2177,0.6481246754141502
2178,0.6403420633828514
2179,0.45317318543013585
2180,0.9708400717720993
2181,0.22436792142753592
2182,0.10755227658392941
2183,0.9799023403565189
2184,0.9400095715690909
2185,0.6967424404785199
2186,0.9818796760889453
2187,0.14839804821232105
2188,0.5195807236741802
2189,0.6989781782267787
2190,0.9144863816510129
2191,0.6138265267771061
2192,0.9273131305115008
2193,0.7471952432869798
2194,0.9931448648713275
2195,0.9565884344781003
2196,0.9838238657958368
2197,0.9953379562539838
2198,0.7166051759740526
2199,0.8884193200866166
2200,0.9549989603178857
2201,0.18130865319484546
2202,0.48013930550945294
2203,0.9809921625978791
2204,0.6007795948333795
2205,0.48796902750876203
2206,0.8062172364370981
2207,0.7514941396492102
2208,0.9586517688891232
2209,0.9737227712763491
2210,0.9657611599172414
2211,0.7187118279994025
2212,0.7499795468263684
2213,0.996936538124931
2214,0.9865704651285985
2215,0.4511387945494604
2216,0.8078479054158619
2217,0.9228190508814046
2218,0.8930765537078187
2219,0.3704449537099851
2220,0.8807317162178625
2221,0.34098534764003297
2222,0.9783781019841313
2223,0.9468262087891476
2224,0.8286882200633697
2225,0.6678304053568316
2226,0.4539692005343049
2227,0.8043595211302933
2228,0.9342432477175093
2229,0.990863002241005
2230,0.10667489672260277
2231,0.19047359235871986
2232,0.9735690933922025
2233,0.9466224397028307
2234,0.1631347609414786
2235,0.10504671678229971
2236,0.9335810539910979
2237,0.9901944584018038
2238,0.306082487120819
2239,0.8758792040084361
2240,0.9511989901177408
2241,0.9305378925852462
2242,0.5987254479948239
2243,0.7186041165563976
2244,0.8213657726156737
2245,0.2735769989088084
2246,0.9606831972003168
2247,0.9414710965758756
2248,0.994681375351144
2249,0.8826380095961412
2250,0.9707759529632899
2251,0.7579763123204605
2252,0.6522177940533276
2253,0.8992242426175558
2254,0.9930180354377945
2255,0.2741034103002702
2256,0.979006031320869
2257,0.959193768206751
2258,0.4862365926436909
2259,0.7057198607092756
2260,0.9855487389097213
2261,0.24801900422916234
2262,0.3117855575015742
2263,0.9559938001634967
2264,0.92960740097236
2265,0.865075628121986
2266,0.9721468969599535
2267,0.8652973245694586
2268,0.9139126659813241
2269,0.35010867884174
2270,0.6387805823127111
2271,0.7797040644499617
2272,0.569730911183896
2273,0.9864979184655893
2274,0.9982939678956575
2275,0.942549850212757
2276,0.10534831426336266
2277,0.975584080966345
2278,0.9716047574178663
2279,0.7738174791585593
2280,0.8211707330554103
2281,0.9635516181608548
2282,0.27627906370893873
2283,0.9966125333730658
2284,0.9366905966770843
2285,0.8206459462488928
2286,0.9787555133074403
2287,0.8759713843115383
2288,0.9709499870714723
2289,0.9867809020347242
2290,0.2572577400671181
2291,0.36943039922374565
2292,0.9714811657193827
2293,0.4995946927077186
2294,0.6183750701167516
2295,0.9281966877913568
2296,0.8924644153705077
2297,0.9692848968459856
2298,0.4641390499743241
2299,0.38201823049011796
2300,0.9701623497309771
2301,0.9442481640709328
2302,0.8324456454416975
2303,0.7999693880701235
2304,0.965104922212417
2305,0.05296610104445132
2306,0.5623874414849643
2307,0.24433614099254575
2308,0.07460079522382601
2309,0.14705703550609406
2310,0.5813418239601792
2311,0.9979332979321607
2312,0.11034759433323804
2313,0.07515321426129207
2314,0.8417437200124932
2315,0.9638456381957633
2316,0.8784763361716934
2317,0.8704223603365575
2318,0.8738432147208955
2319,0.18412358069804413
2320,0.8060386275169465
2321,0.9640705984348283
2322,0.941240627422286
2323,0.9814443014620285
2324,0.9087369608480358
2325,0.3118177708345382
2326,0.9396096859930819
2327,0.9799879894179386
2328,0.48618393012877037
2329,0.9816745205945581
2330,0.23803080388545772
2331,0.09532114957762794
2332,0.29289693580610787
2333,0.9775877855784821
2334,0.9797332040774771
2335,0.87723947390925
2336,0.5710801162184538
2337,0.2291049900720239
2338,0.9934267130759528
2339,0.9942403598101306
2340,0.9930545131320516
2341,0.33390841307360286
2342,0.533443000111222
2343,0.4980901997874898
2344,0.08127368663082435
2345,0.976495856512959
2346,0.968655548920714
2347,0.9088580588233973
2348,0.9729814001560052
2349,0.4295393928544974
2350,0.1888148577889066
2351,0.9484056108302229
2352,0.9506074449323738
2353,0.6127110256739154
2354,0.9640784372292737
2355,0.9946739303478852
2356,0.1738560271791586
2357,0.9820163393931804
2358,0.9700451779927436
2359,0.806679601831182
2360,0.7471113583451748
2361,0.926086858937029
2362,0.19189100722469787
2363,0.5291793701210539
2364,0.9373438044388117
2365,0.8705059403067322
2366,0.9694391666672459
2367,0.15152261314033555
2368,0.9787606735807005
2369,0.9870710370522497
2370,0.9834436267432304
2371,0.8976062252774815
2372,0.4346284466015182
2373,0.9452573209627719
2374,0.9951935956488563
2375,0.9093239421486975
2376,0.9946274826618873
2377,0.968668759942846
2378,0.8631159455530575
2379,0.9741029599162482
2380,0.2508022470448975
2381,0.2009228535275298
2382,0.6404836918550915
2383,0.8276803132866214
2384,0.980443297215679
2385,0.920652673715297
2386,0.9554619921361833
2387,0.9514061664371433
2388,0.9947699111852357
2389,0.9735997408103101
2390,0.6827967372219841
2391,0.8112164618457705
2392,0.6869538007269526
2393,0.9660996336886383
2394,0.8973063529204615
2395,0.47434916284963047
2396,0.9822267969401796
2397,0.5616851330024355
2398,0.9979735924735302
2399,0.9957107110469752
2400,0.6500067097712927
2401,0.9219369943092512
2402,0.8679030244565301
2403,0.9833281754533888
2404,0.9105155621689195
2405,0.46867571881506664
2406,0.7997432934072778
2407,0.9437485543778458
2408,0.9620011692667262
2409,0.18660394597344443
2410,0.71008930360036
2411,0.23750462155964658
2412,0.8692795503014322
2413,0.6875909250243776
2414,0.9883186769675721
2415,0.8590491279638571
2416,0.998055808454853
2417,0.5632677095963845
2418,0.9074109054514491
2419,0.8388480253701102
2420,0.862807115993121
2421,0.28037152448218894
2422,0.9627848927252001
2423,0.982782218011176
2424,0.9786417679497259
2425,0.2466330857262996
2426,0.9617262765752823
2427,0.9817118874321135
2428,0.08687710611912536
2429,0.9777781845079732
2430,0.9419730804999367
2431,0.9455861690835723
2432,0.7041645073000996
2433,0.14486746078819912
2434,0.8525790912272994
2435,0.9796996027673275
2436,0.9529324935496203
2437,0.9305227192368319
2438,0.9760337196130742
2439,0.9353945618049638
2440,0.8615819955180677
2441,0.27475257842556144
2442,0.46219083524982796
2443,0.9746764031262225
2444,0.9675534420629199
2445,0.9837540020826019
2446,0.9782059876635492
2447,0.6578648234595412
2448,0.6804205824301282
2449,0.9397570306598397
2450,0.9921991793176109
2451,0.1531806152497165
2452,0.09677119557057212
2453,0.7884890117541032
2454,0.11565544165402875
2455,0.9804233642189508
2456,0.6020977888408428
2457,0.5574443584593196
2458,0.9937424044456136
2459,0.9612687037798164
2460,0.9784449823027288
2461,0.8821690802473376
2462,0.9335766678893604
2463,0.9413603300246726
2464,0.7502558483181838
2465,0.5902710493312986
2466,0.9953850924970531
2467,0.9783821095668572
2468,0.970817750825195
2469,0.7266491585651806
2470,0.9888580614355746
2471,0.5413278409952781
2472,0.3401527724158119
2473,0.5960370224534969
2474,0.9096733971140263
2475,0.6253908138323034
2476,0.9873100061165176
2477,0.18887151720598117
2478,0.9973150097456475
2479,0.3415942188263862
2480,0.971176639798628
2481,0.9928248274319094
2482,0.9856416604825333
2483,0.6785521701299377
2484,0.2293866346931206
2485,0.8171682767010355
2486,0.9668113611967232
2487,0.9593859956220677
2488,0.2767904225832487
2489,0.737847117084985
2490,0.9489727039302889
2491,0.9961543407734116
2492,0.8418163949536457
2493,0.9895621629730021
2494,0.2925300142056758
2495,0.8916890388334121
2496,0.8527519869637231
2497,0.39314655172404944
2498,0.7740063725756069
2499,0.5326089986757163
2500,0.9158399753909265
2501,0.975654840682898
2502,0.9890059654756514
2503,0.9874942946330714
2504,0.8859549789433478
2505,0.7284724523861916
2506,0.14484664491521182
2507,0.23528598324503736
2508,0.9434588518080269
2509,0.9201418890917408
2510,0.8484634309329979
2511,0.7108479651915721
2512,0.8066896991350687
2513,0.8915672100166818
2514,0.04621070834151819
2515,0.9658451132220591
2516,0.5938077733333986
2517,0.7154195106339245
2518,0.8229104427334162
2519,0.6865462302104255
2520,0.9992745362794608
2521,0.8588088737304895
2522,0.8748403675075227
2523,0.1190973533176991
2524,0.6679756458174726
2525,0.9152132838533066
2526,0.954370512379062
2527,0.9770487894218784
2528,0.07737615245463547
2529,0.38104033479866684
2530,0.5930103268323559
2531,0.4536142299890479
2532,0.983960721639476
2533,0.7440742610923294
2534,0.9867820742156799
2535,0.8682068662312641
2536,0.32641771689312504
2537,0.4501120058905963
2538,0.8560670994789266
2539,0.48744301691411607
2540,0.768162301507463
2541,0.9788060937239981
2542,0.9667634533856007
2543,0.5536562004661958
2544,0.8786196863868762
2545,0.9811486261071294
2546,0.9984866327960551
2547,0.30972698071972127
2548,0.9932288239816589
2549,0.9274999545734197
2550,0.9900904682191576
2551,0.8292313261416449
2552,0.9842054829757837
2553,0.9184709207692984
2554,0.7332776748789825
2555,0.9756823027135864
2556,0.12673998132124786
2557,0.18263377902427713
2558,0.8448499648272483
2559,0.9720072593204792
2560,0.43196270301680273
2561,0.9032122164885592
2562,0.5761551561690381
2563,0.5867487550170478
2564,0.9469318414961052
2565,0.754410033976046
2566,0.9476946267826127
2567,0.814448019400779
2568,0.2079363861079767
2569,0.8114434798914949
2570,0.4605217496166304
2571,0.2574970655144223
2572,0.9730503281171802
2573,0.9881447548945481
2574,0.9246273735499
2575,0.05075170176833632
2576,0.9945415700454869
2577,0.9860653658544054
2578,0.9857019439590547
2579,0.5729162299921624
2580,0.9018187829032147
2581,0.7718282234132405
2582,0.9076535501041453
2583,0.8486904733293049
2584,0.41386640042437184
2585,0.9340621764092439
2586,0.9491652688121344
2587,0.8332594300503602
2588,0.6917738257571687
2589,0.4789241799819941
2590,0.8427423633544224
2591,0.9782875634928386
2592,0.13354713451197042
2593,0.9699398369605611
2594,0.35188323397121757
2595,0.9323844703030372
2596,0.9470453743202037
2597,0.9801490371558117
2598,0.49779812735592943
2599,0.9681037441441773
2600,0.9113238380857298
2601,0.2826884382869026
2602,0.8026013275342592
2603,0.9914209023729689
2604,0.9595120020636743
2605,0.6855699590465272
2606,0.13880116349170746
2607,0.9348947746716998
2608,0.6258102123243839
2609,0.4253809401816302
2610,0.9778753769785857
2611,0.9516217691129235
2612,0.6634360993198862
2613,0.9729869264850168
2614,0.9740356901181042
2615,0.9501785865011266
2616,0.9535003278544295
2617,0.3825180406263541
2618,0.6409322150437512
2619,0.988289440109223
2620,0.892580334992424
2621,0.9729249770762474
2622,0.7250268781439306
2623,0.9843532568598056
2624,0.9951962343548599
2625,0.9803087749640222
2626,0.31248637544460056
2627,0.9044939520165634
2628,0.9967380618155902
2629,0.26934549297493315
2630,0.7869151833920995
2631,0.9842966132599578
2632,0.9390392858104073
2633,0.9735711045865029
2634,0.7773279926200533
2635,0.6171244087273271
2636,0.3459081915156407
2637,0.9949949231118584
2638,0.67798884228187
2639,0.6029817762568253
2640,0.49906205899017797
2641,0.9797536060211202
2642,0.8707226408392897
2643,0.19140912524999998
2644,0.9909460487605554
2645,0.9279062164669694
2646,0.4550074888360457
2647,0.9295818195703553
2648,0.9452941612089041
2649,0.9782770228154011
2650,0.818677382745115
2651,0.9893334848873463
2652,0.9829108761097709
2653,0.18660576979240284
2654,0.3364845059886329
2655,0.33577292596354347
2656,0.9803710104500541
2657,0.6958836590543791
2658,0.947896119984358
2659,0.3819953754421741
2660,0.5253590926121434
2661,0.5262181762233873
2662,0.9951529068696531
2663,0.8745699238972162
2664,0.9735520899859403
2665,0.2712062596705125
2666,0.9901672943328642
2667,0.9697214769903568
2668,0.48653945368373763
2669,0.9548133490568649
2670,0.41204032285635006
2671,0.9819320571208232
2672,0.3259615684355609
2673,0.993598400097041
2674,0.9474855976278659
2675,0.9446240345020179
2676,0.9726766132356097
2677,0.9802349261923171
2678,0.06720157249387448
2679,0.9406103088277401
2680,0.8783886721902103
2681,0.34981929581827365
2682,0.3761976788596729
2683,0.4271115787227092
2684,0.9924112182387662
2685,0.9527325785981476
2686,0.9147370136576717
2687,0.867631483742313
2688,0.9616812246998985
2689,0.8581382474870082
2690,0.7793054877295594
2691,0.9431707776326319
2692,0.8278825260048271
2693,0.41914581522382754
2694,0.9801063176363318
2695,0.9561863522480035
2696,0.9910754690257608
2697,0.8937643788192057
2698,0.9653681666439474
2699,0.6018460113012629
2700,0.7285374954188457
2701,0.7224157991850028
2702,0.9959248818981192
2703,0.8805612620241114
2704,0.0751830907102723
2705,0.9485054730332466
2706,0.9592980969873127
2707,0.9712656846882676
2708,0.8561740006676309
2709,0.8649529753525992
2710,0.9929028025376913
2711,0.9762118656212205
2712,0.966250206135644
2713,0.9329382020447448
2714,0.9571777336982844
2715,0.9535161446466985
2716,0.9950837176598197
2717,0.1349868481467782
2718,0.20166352321995085
2719,0.940025042932389
2720,0.58453663831101
2721,0.24776535324223437
2722,0.9761706935918449
2723,0.5320504049946023
2724,0.8480786569246364
2725,0.9712744716761705
2726,0.8845584418295149
2727,0.7543693000229813
2728,0.9910290947587481
2729,0.9879189649221684
2730,0.9657158943164065
2731,0.2484174017123424
2732,0.8242384780097338
2733,0.3367602567095048
2734,0.8647066256681236
2735,0.9919553949196327
2736,0.9964316806704789
2737,0.9715326866367432
2738,0.9748896577570184
2739,0.5224140412200033
2740,0.08845999293165929
2741,0.9110210042755011
2742,0.4889039209747612
2743,0.9581908685682716
2744,0.547878159719799
2745,0.8805478086157726
2746,0.9908958091182789
2747,0.9964577726603854
2748,0.9708921991213534
2749,0.9734933829762763
2750,0.6094380641403089
2751,0.9845262298302312
2752,0.9858554766935381
2753,0.9827482219027913
2754,0.9752754133062321
2755,0.4520390207081473
2756,0.8818687671206764
2757,0.44794667503049135
2758,0.8386115377774546
2759,0.9235374782854517
2760,0.9748867617648198
2761,0.9978987846233367
2762,0.9909529444371366
2763,0.24682731059590968
2764,0.9447867724046173
2765,0.9562366003748275
2766,0.8544568150421323
2767,0.4838714707902325
2768,0.134452452842435
2769,0.7280988016533955
2770,0.6611138131188177
2771,0.9678496695835433
2772,0.283600839977482
2773,0.7503131272796376
2774,0.8251008175882864
2775,0.9772461682161613
2776,0.17043956812487981
2777,0.9065315423462543
2778,0.9980776770602379
2779,0.706444626423731
2780,0.9903858942579966
2781,0.9759854953830114
2782,0.8910703852822995
2783,0.9917180590803708
2784,0.19041979048438828
2785,0.7196841617211197
2786,0.9440530434731498
2787,0.3578138825305641
2788,0.9913327046520031
2789,0.9497524550138412
2790,0.9704304995487645
2791,0.37384549705016945
2792,0.9747382233037684
2793,0.9624007620104236
2794,0.9851223906329095
2795,0.9744871226746044
2796,0.6161473003906456
2797,0.9723389701441421
2798,0.4784612255250098
2799,0.07392695743791866
2800,0.9899064620656303
2801,0.5583463377964896
2802,0.4538625041190054
2803,0.2872663880791885
2804,0.9399181878317995
2805,0.9657685981336244
2806,0.9736268286798302
2807,0.9720562126473715
2808,0.8651076565921856
2809,0.949876792115206
2810,0.9660562077935738
2811,0.9766579698129125
2812,0.7039163587839431
2813,0.9513473705100347
2814,0.34564886650226345
2815,0.9740498260102742
2816,0.9934912957388087
2817,0.6711266049384428
2818,0.5249467003966659
2819,0.7425180821601183
2820,0.9783307984339262
2821,0.8899470826548264
2822,0.9441448014567472
2823,0.9679817767068347
2824,0.15634962780698913
2825,0.8647616345990423
2826,0.992078029212292
2827,0.46291882411015683
2828,0.983174725527889
2829,0.9616835785372335
2830,0.9754386654464944
2831,0.8303817095727294
2832,0.9878353792382185
2833,0.018853044234853567
2834,0.888070784413473
2835,0.8567309070727798
2836,0.9533166584977035
2837,0.9870441968477814
2838,0.7789869781689093
2839,0.9493105930766818
2840,0.9743688487553899
2841,0.720721544748238
2842,0.9527572215275146
2843,0.16343591716571182
2844,0.3959969480529224
2845,0.14151315095165773
2846,0.8586840491887047
2847,0.939441667623537
2848,0.9246028232748478
2849,0.35045120400206875
2850,0.8465504605679337
2851,0.8779116664883908
2852,0.9365800682073362
2853,0.9640914257764508
2854,0.15745072659270343
2855,0.9267258454640486
2856,0.9063195806895845
2857,0.385615263574822
2858,0.722279102970739
2859,0.9975195303415377
2860,0.9945289387202071
2861,0.9391432662253554
2862,0.12298254394648778
2863,0.9568146579068694
2864,0.8597655809033541
2865,0.39422549943162566
2866,0.7250400202777468
2867,0.9398928080083025
2868,0.3625017624377007
2869,0.9877140746655941
2870,0.9608730540832018
2871,0.8089301189987217
2872,0.645617263172739
2873,0.06819756037037916
2874,0.6331102277771733
2875,0.9776304336642277
2876,0.9949109321132508
2877,0.30918019719223244
2878,0.984633720772068
2879,0.4153131571126032
2880,0.957817221307646
2881,0.10251729747901517
2882,0.9419832886568296
2883,0.2806745902809822
2884,0.41137964253794823
2885,0.8897137081083937
2886,0.7216577371435036
2887,0.7876634825464225
2888,0.3325535348010501
2889,0.9576538145906739
2890,0.5224979507700787
2891,0.99300117920241
2892,0.8908544758712593
2893,0.9896912285860237
2894,0.8354640604920619
2895,0.3214906796209056
2896,0.549409394833519
2897,0.9393926092913183
2898,0.220096005595673
2899,0.1089777061195969
2900,0.9833395026854782
2901,0.9221052263930317
2902,0.22134008158746554
2903,0.9909764599296851
2904,0.9147479340719378
2905,0.7711299355790159
2906,0.7010204540122478
2907,0.5160492398502192
2908,0.9741740157993256
2909,0.8929451381509407
2910,0.1621384650377229
2911,0.9244050556144312
2912,0.7666228824250572
2913,0.535349771805532
2914,0.9674262604211825
2915,0.6600400799060069
2916,0.991328122180029
2917,0.5104049944553933
2918,0.9290077163714846
2919,0.9942627833051867
2920,0.9849305892451289
2921,0.3937298513750932
2922,0.8464280619578127
2923,0.9590604916510475
2924,0.9863491839401614
2925,0.9317897339324229
2926,0.991074495818549
2927,0.8998862215635653
2928,0.9768611416958562
2929,0.8732427597427536
2930,0.6460544094488362
2931,0.9980014788491088
2932,0.9824545068961451
2933,0.5744064443544113
2934,0.9624434004356882
2935,0.5651251176573009
2936,0.9920602805518223
2937,0.966800396799161
2938,0.3445826168505387
2939,0.9149883354046041
2940,0.91563176295344
2941,0.264879435040838
2942,0.30894203838873413
2943,0.48103687958857877
2944,0.9916744520038826
2945,0.16626916822672466
2946,0.9723241987670919
2947,0.9625804869981268
2948,0.3704299987878892
2949,0.9641447957004317
2950,0.9971405527185313
2951,0.8486502732004562
2952,0.9452320298323417
2953,0.32137665639498847
2954,0.5479722722064364
2955,0.20565500614884957
2956,0.924136866350856
2957,0.05513852845255818
2958,0.9569150784068693
2959,0.9347505555780309
2960,0.34276719390102517
2961,0.9867224842977064
2962,0.6717228254136867
2963,0.9933403787175231
2964,0.0981088477909251
2965,0.9716916350867669
2966,0.6289360076123968
2967,0.400646729836858
2968,0.9810268655945867
2969,0.37023205697725103
2970,0.9737215338906932
2971,0.7304384621828879
2972,0.9375411078918675
2973,0.9869009484425016
2974,0.7781160434980297
2975,0.9783759039194483
2976,0.9493584248751643
2977,0.554434125133713
2978,0.9140676923787705
2979,0.815778511815106
2980,0.9875659975880884
2981,0.9675902341417983
2982,0.30352163557835077
2983,0.9723682924527287
2984,0.41962833824772316
2985,0.44081629685933066
2986,0.9779483102963172
2987,0.903458684199093
2988,0.4102304585549632
2989,0.9143826964453328
2990,0.7245042271667768
2991,0.9732629096184799
2992,0.4366118868210964
2993,0.2531446003976121
2994,0.1389391126649171
2995,0.7081196901773907
2996,0.9982394879065959
2997,0.7497989337769129
2998,0.9276038351622274
2999,0.9912402281101776
